{
    "negative": {
        "accuracy": 0.87890625,
        "inference": {
            "P50": 707.0,
            "P90": 1066.9,
            "P99": 1136.89,
            "average": 793.709,
            "maximum": 1305.0,
            "minimum": 611.0,
            "total": 406379.0
        },
        "mfcc": {
            "P50": 306.0,
            "P90": 527.9,
            "P99": 584.46,
            "average": 357.887,
            "maximum": 679.0,
            "minimum": 247.0,
            "total": 183238.0
        },
        "process": {
            "P50": 1020.5,
            "P90": 1591.9,
            "P99": 1695.0,
            "average": 1151.596,
            "maximum": 1869.0,
            "minimum": 865.0,
            "total": 589617.0
        },
        "success_count": 450,
        "total_count": 512
    },
    "positive": {
        "accuracy": 0.8967666536813401,
        "inference": {
            "P50": 716.0,
            "P90": 1062.0,
            "P99": 1134.34,
            "average": 795.933,
            "maximum": 1867.0,
            "minimum": 598.0,
            "total": 2043160.0
        },
        "mfcc": {
            "P50": 305.0,
            "P90": 520.0,
            "P99": 588.68,
            "average": 359.087,
            "maximum": 2331.0,
            "minimum": 245.0,
            "total": 921777.0
        },
        "process": {
            "P50": 1047.0,
            "P90": 1582.0,
            "P99": 1704.7,
            "average": 1155.02,
            "maximum": 2994.0,
            "minimum": 862.0,
            "total": 2964937.0
        },
        "success_count": 2302,
        "total_count": 2567
    },
    "summary": {
        "accuracy": 0.8937966872361156,
        "inference": {
            "P50": 714.0,
            "P90": 1064.0,
            "P99": 1136.0,
            "average": 795.563,
            "maximum": 1867.0,
            "minimum": 598.0,
            "total": 2449539.0
        },
        "mfcc": {
            "P50": 305.0,
            "P90": 521.0,
            "P99": 588.44,
            "average": 358.888,
            "maximum": 2331.0,
            "minimum": 245.0,
            "total": 1105015.0
        },
        "process": {
            "P50": 1038.0,
            "P90": 1585.0,
            "P99": 1701.44,
            "average": 1154.451,
            "maximum": 2994.0,
            "minimum": 862.0,
            "total": 3554554.0
        },
        "success_count": 2752,
        "total_count": 3079
    },
    "type": "test"
}