{
    "negative": {
        "accuracy": 0.8638132295719845,
        "inference": {
            "P50": 707.5,
            "P90": 956.0,
            "P99": 1011.7,
            "average": 751.813,
            "maximum": 1065.0,
            "minimum": 294.0,
            "total": 386432.0
        },
        "mfcc": {
            "P50": 262.0,
            "P90": 413.4,
            "P99": 481.31,
            "average": 296.407,
            "maximum": 536.0,
            "minimum": 185.0,
            "total": 152353.0
        },
        "process": {
            "P50": 987.0,
            "P90": 1361.7,
            "P99": 1447.0,
            "average": 1048.22,
            "maximum": 1495.0,
            "minimum": 543.0,
            "total": 538785.0
        },
        "success_count": 444,
        "total_count": 514
    },
    "positive": {
        "accuracy": 0.9115250291036089,
        "inference": {
            "P50": 688.0,
            "P90": 944.0,
            "P99": 1005.24,
            "average": 736.379,
            "maximum": 1060.0,
            "minimum": 288.0,
            "total": 1897649.0
        },
        "mfcc": {
            "P50": 265.0,
            "P90": 413.0,
            "P99": 478.24,
            "average": 295.845,
            "maximum": 541.0,
            "minimum": 172.0,
            "total": 762393.0
        },
        "process": {
            "P50": 972.0,
            "P90": 1355.0,
            "P99": 1444.0,
            "average": 1032.224,
            "maximum": 1500.0,
            "minimum": 486.0,
            "total": 2660042.0
        },
        "success_count": 2349,
        "total_count": 2577
    },
    "summary": {
        "accuracy": 0.9035910708508573,
        "inference": {
            "P50": 692.0,
            "P90": 948.0,
            "P99": 1006.0,
            "average": 738.946,
            "maximum": 1065.0,
            "minimum": 288.0,
            "total": 2284081.0
        },
        "mfcc": {
            "P50": 265.0,
            "P90": 413.0,
            "P99": 479.0,
            "average": 295.939,
            "maximum": 541.0,
            "minimum": 172.0,
            "total": 914746.0
        },
        "process": {
            "P50": 974.0,
            "P90": 1356.0,
            "P99": 1445.1,
            "average": 1034.884,
            "maximum": 1500.0,
            "minimum": 486.0,
            "total": 3198827.0
        },
        "success_count": 2793,
        "total_count": 3091
    },
    "type": "val"
}