{
    "negative": {
        "accuracy": 0.880859375,
        "inference": {
            "P50": 696.5,
            "P90": 948.9,
            "P99": 1018.56,
            "average": 756.646,
            "maximum": 1051.0,
            "minimum": 605.0,
            "total": 387403.0
        },
        "mfcc": {
            "P50": 258.0,
            "P90": 413.8,
            "P99": 488.45,
            "average": 292.428,
            "maximum": 598.0,
            "minimum": 192.0,
            "total": 149723.0
        },
        "process": {
            "P50": 984.5,
            "P90": 1367.9,
            "P99": 1468.78,
            "average": 1049.074,
            "maximum": 1586.0,
            "minimum": 821.0,
            "total": 537126.0
        },
        "success_count": 451,
        "total_count": 512
    },
    "positive": {
        "accuracy": 0.9150759641604986,
        "inference": {
            "P50": 727.0,
            "P90": 945.0,
            "P99": 1017.34,
            "average": 759.856,
            "maximum": 1097.0,
            "minimum": 563.0,
            "total": 1950551.0
        },
        "mfcc": {
            "P50": 273.0,
            "P90": 414.0,
            "P99": 488.68,
            "average": 302.709,
            "maximum": 577.0,
            "minimum": 181.0,
            "total": 777053.0
        },
        "process": {
            "P50": 1006.0,
            "P90": 1355.0,
            "P99": 1467.34,
            "average": 1062.565,
            "maximum": 1561.0,
            "minimum": 791.0,
            "total": 2727604.0
        },
        "success_count": 2349,
        "total_count": 2567
    },
    "summary": {
        "accuracy": 0.9093861643390712,
        "inference": {
            "P50": 720.0,
            "P90": 946.0,
            "P99": 1018.22,
            "average": 759.323,
            "maximum": 1097.0,
            "minimum": 563.0,
            "total": 2337954.0
        },
        "mfcc": {
            "P50": 271.0,
            "P90": 414.0,
            "P99": 489.22,
            "average": 300.999,
            "maximum": 598.0,
            "minimum": 181.0,
            "total": 926776.0
        },
        "process": {
            "P50": 1003.0,
            "P90": 1357.0,
            "P99": 1468.22,
            "average": 1060.322,
            "maximum": 1586.0,
            "minimum": 791.0,
            "total": 3264730.0
        },
        "success_count": 2800,
        "total_count": 3079
    },
    "type": "test"
}