{
    "negative": {
        "accuracy": 0.87890625,
        "inference": {
            "P50": 538.0,
            "P90": 788.9,
            "P99": 854.78,
            "average": 596.561,
            "maximum": 905.0,
            "minimum": 453.0,
            "total": 305439.0
        },
        "mfcc": {
            "P50": 254.0,
            "P90": 409.0,
            "P99": 462.89,
            "average": 288.215,
            "maximum": 484.0,
            "minimum": 187.0,
            "total": 147566.0
        },
        "process": {
            "P50": 809.0,
            "P90": 1200.0,
            "P99": 1295.9,
            "average": 884.775,
            "maximum": 1340.0,
            "minimum": 658.0,
            "total": 453005.0
        },
        "success_count": 450,
        "total_count": 512
    },
    "positive": {
        "accuracy": 0.8967666536813401,
        "inference": {
            "P50": 534.0,
            "P90": 781.0,
            "P99": 859.02,
            "average": 593.031,
            "maximum": 909.0,
            "minimum": 451.0,
            "total": 1522311.0
        },
        "mfcc": {
            "P50": 265.0,
            "P90": 416.0,
            "P99": 490.34,
            "average": 296.177,
            "maximum": 655.0,
            "minimum": 185.0,
            "total": 760287.0
        },
        "process": {
            "P50": 813.0,
            "P90": 1195.4,
            "P99": 1311.34,
            "average": 889.208,
            "maximum": 1468.0,
            "minimum": 658.0,
            "total": 2282598.0
        },
        "success_count": 2302,
        "total_count": 2567
    },
    "summary": {
        "accuracy": 0.8937966872361156,
        "inference": {
            "P50": 535.0,
            "P90": 782.2,
            "P99": 857.0,
            "average": 593.618,
            "maximum": 909.0,
            "minimum": 451.0,
            "total": 1827750.0
        },
        "mfcc": {
            "P50": 263.0,
            "P90": 414.2,
            "P99": 484.22,
            "average": 294.853,
            "maximum": 655.0,
            "minimum": 185.0,
            "total": 907853.0
        },
        "process": {
            "P50": 813.0,
            "P90": 1196.0,
            "P99": 1308.22,
            "average": 888.471,
            "maximum": 1468.0,
            "minimum": 658.0,
            "total": 2735603.0
        },
        "success_count": 2752,
        "total_count": 3079
    },
    "type": "test"
}