{
    "negative": {
        "accuracy": 0.806640625,
        "inference": {
            "P50": 343.0,
            "P90": 589.8,
            "P99": 651.89,
            "average": 405.619,
            "maximum": 677.0,
            "minimum": 212.0,
            "total": 207677.0
        },
        "mfcc": {
            "P50": 250.5,
            "P90": 399.0,
            "P99": 480.24,
            "average": 280.309,
            "maximum": 591.0,
            "minimum": 191.0,
            "total": 143518.0
        },
        "process": {
            "P50": 600.0,
            "P90": 991.9,
            "P99": 1083.89,
            "average": 685.928,
            "maximum": 1215.0,
            "minimum": 451.0,
            "total": 351195.0
        },
        "success_count": 413,
        "total_count": 512
    },
    "positive": {
        "accuracy": 0.8574211141410206,
        "inference": {
            "P50": 345.0,
            "P90": 592.0,
            "P99": 662.0,
            "average": 405.583,
            "maximum": 881.0,
            "minimum": 186.0,
            "total": 1041131.0
        },
        "mfcc": {
            "P50": 261.0,
            "P90": 410.0,
            "P99": 481.34,
            "average": 291.329,
            "maximum": 594.0,
            "minimum": 184.0,
            "total": 747841.0
        },
        "process": {
            "P50": 614.0,
            "P90": 1002.0,
            "P99": 1121.02,
            "average": 696.912,
            "maximum": 1395.0,
            "minimum": 393.0,
            "total": 1788972.0
        },
        "success_count": 2201,
        "total_count": 2567
    },
    "summary": {
        "accuracy": 0.8489769405651185,
        "inference": {
            "P50": 345.0,
            "P90": 591.0,
            "P99": 661.22,
            "average": 405.589,
            "maximum": 881.0,
            "minimum": 186.0,
            "total": 1248808.0
        },
        "mfcc": {
            "P50": 259.0,
            "P90": 407.0,
            "P99": 482.0,
            "average": 289.496,
            "maximum": 594.0,
            "minimum": 184.0,
            "total": 891359.0
        },
        "process": {
            "P50": 612.0,
            "P90": 1000.0,
            "P99": 1120.66,
            "average": 695.085,
            "maximum": 1395.0,
            "minimum": 393.0,
            "total": 2140167.0
        },
        "success_count": 2614,
        "total_count": 3079
    },
    "type": "test"
}